keith e. carney, keith carney
jean-sebastien giguere, j giguere
marc d. lamothe, marc lamothe
mark douglas messier, mark messier
evgeni (john) nabokov, evgeni nabokov
tim r. taylor, tim taylor
john colin white, colin white
jeff deslauriers, jeff drouin-deslauriers
antti sakari pihlstrom, antti pihlstrom
andrew (drew) miller, drew miller
