charpentier, charpentie
kastsitsyn, kostitsyn
grabovsky, grabovski
kronwall, kronvall
grossman, grossmann
paajarvi, paajarvi-svensson
zuccarello, zuccarello-aasen
nugent-hopkins, n.-hopkins
ekman-larsson, e.-larsson
smith-pelly, s.-pelly
vasilevskii, vasilevskiy
janmark, janmark-nylen
nylander, nylander-altelius
domingue, boileau-domingue
marchessault, audy-marchessault
