mv Andrighetto-Sven_1.png sven_andrighetto.png
mv Anisimov-Artem.png artem_anisimov.png
mv AtkinsonCam.png cam_atkinson.png
mv BacklundMikael.png mikael_backlund.png
mv BarrieTyson_1.png tyson_barrie.png
mv Beauchemin-Francois_1.png francois_beauchemin.png
mv Bennett-Sam_1.png sam_bennett.png
mv BergeronPatrice.png patrice_bergeron.png
mv Bjorkstrand-Oliver.png oliver_bjorkstrand.png
mv BobrovskySergei_1.png sergei_bobrobsky.png
mv BrodieTJ.png tj_brodie.png
mv CharaZdeno.png zdeno_chara.png
mv Chychrun-Jakob_1.png jakob_chycron_png
mv CrawfordCorey.png corey_crawford.png
mv Darling-Scott_2.png scott_darling.png
mv DeBrincat-Alex.png alex_debrincat.png
mv DeBrusk-Jake.png jake_debrusk.png
mv Di-Giuseppe-Phil_1.png phil_digiuseppe.png
mv Domi-Max2.png max_domi.png
mv Dubois-Pierre-Luc.png pierre-luc_dubois.png
mv Eichel-Jack.png jack_eichel.png
mv Ekman-Larsson-Oliver.png oliver_ekman-larsoon.png
mv Fleury-Haydn_1.png hadyn_fleury.png
mv Gaudreau-Johnny1.png johnny_gaudreaw.png
mv Getzlaf-Ryan1_2.png ryan_getzlaf.png
mv Gibson-John_1.png john_gibson.png
mv GiordanoMark.png mark_giordano.png
mv Goligoski-Alex_1.png alex_goligoskui.png
mv Hamilton-Dougie_1.png dougie_hamilton.png
mv Hammond-Andrew.png andrew_hammond.png
mv Hanifin-Noah_1.png noah_hanifin.png
mv Heinen-Danton_1.png danton_heinen.png
mv HossaMarian.png marian_hossa.png
mv JennerBoone.png boone_jenner.png
mv JohnsonErik.png erik_johnson.png
mv Jones-Seth.png seth_jones.png
mv Jost-Tyson_1.png tyson_jost.png
mv KanePatrick.png patrick_kane.png
mv KeithDuncan_1.png duncan_keith.png
mv Keller-Clayton_1.png clayton_keller.png
mv KrugTorey.png torey_krug.png
mv LandeskogGabriel_1.png gabriel_landeskog.png
mv Lazar-Curtis_1.png curtis_lazar.png
mv Lindholm-Elias_3.png elias_lindholm.png
mv Lindholm-Hampus_1.png hampus_lindholm.png
mv MackinnonNathan.png nathan_mackinnon.png
mv MarchandBrad.png brad_marchand.png
mv McAvoy-Charlie.png charlie_mcavoy.png
mv MonahanSean.png sean_monahan.png
mv Murphy-Connor_1.png connonr_murphy.png
mv Nash-Rick.png rick_nash.png
mv Nieto-Matt.png matt_nieto.png
mv OReilly-Ryan.png ryan_oreilly.png
mv Okposo-Kyle.png kyle_okposo.png
mv Panarin-Artemi_1.png artemi_panarin.png
mv Panik-Richard.png richard_panik.png
mv Pastrnak-David.png david_pastrnak.png
mv Perlini-Brendan_1.png brendan_perlini.png
mv Perry-Corey_1.png corey_perry.png
mv Pominville-Jason_1.png jason_pominville.png
mv Raanta-Antti_1.png antti_raanta.png
mv Rakell-Rickard.png rickard_rakell.png
mv Rantanen-Mikko.png mikko_rantanen.png
mv RaskTuukka.png tuukka_rask.png
mv Reinhart-Sam.png sam_reinhart.png
mv Ristolainen-Rasmus_1.png rasmus_ristolainen.png
mv Saad-Brandon_1.png brandon_saad.png
mv Schenn-Luke_2.png luke_schenn.png
mv Schmalt-Nick.png nick_schmaltz.png
mv SeabrookBrent.png brent_seabrook.png
mv Sharp-Patrick_1.png patrick_sharp.png
mv Silfverberg-Jako_1.png jakub_silfverberg.png
mv Skinner-Jeff2017_1.png jeff_skinner.png
mv Slavin-Jaccob_1.png jaccob_slavin.png
mv Smith-Mike_1.png mike_smith.png
mv Staal-Jordan_2.png jordan_stall.png
mv Strome-Dylan_1.png dylan_strome.png
mv Teravainen-Teuvo_2.png teuvo_teravainen.png
mv Tkachuk-Matthew.png matthew_tkachuk.png
mv ToewsJonathan.png jonathan_toews.png
mv Vanek-Thomas.png thomas_vanek.png
mv VarlamovSemyon_1.png semyon_varlamov.png
mv Ward-Cam_2.png cam_ward.png
mv Werenski-Zach.png zach_werenski.png
mv Zadorov-NIkita_1.png nikita_zadorov.png
mv alex.nylander.png alex_nylander.png
mv anthony.duclair.png anthony_duclair.png
mv casey.midlestat.png casey_mittlestadt.png
mv christian.dvorak.png christian_dvorak.png
mv sebastian.aho.png sebastian_aho.png
mv spencer.foo.png spencer_foo.png
mv van-Riemsdyk-Trevor_2.png trevor_van_riemsdyk.png
